INSERT INTO ARTICLES (id, title, category, date, content)
VALUES ('48a95af7-8b83-4a08-8001-0f865db8ea26', 'What is Lorem Ipsum?', 'Fun facts', '2021-11-15',
        'Lorem Ipsum is simply dummy text of the printing and typesetting industry. Lorem Ipsum has been the industry s standard dummy text ever since the 1500s, when an unknown printer took a galley of type and scrambled it to make a type specimen book. It has survived not only five centuries, but also the leap into electronic typesetting, remaining essentially unchanged. It was popularised in the 1960s with the release of Letraset sheets containing Lorem Ipsum passages, and more recently with desktop publishing software like Aldus PageMaker including versions of Lorem Ipsum.'),
       ('15a95af7-8b83-4a08-8001-0f865db8ea27', 'Where does Lorem Ipsum come from?', 'Fun facts', '2021-11-15',
        'Contrary to popular belief, Lorem Ipsum is not simply random text. It has roots in a piece of classical Latin literature from 45 BC, making it over 2000 years old. Richard McClintock, a Latin professor at Hampden-Sydney College in Virginia, looked up one of the more obscure Latin words, consectetur, from a Lorem Ipsum passage, and going through the cites of the word in classical literature, discovered the undoubtable source. Lorem Ipsum comes from sections 1.10.32 and 1.10.33 of "de Finibus Bonorum et Malorum" (The Extremes of Good and Evil) by Cicero, written in 45 BC. This book is a treatise on the theory of ethics, very popular during the Renaissance. The first line of Lorem Ipsum, "Lorem ipsum dolor sit amet..", comes from a line in section 1.10.32. The standard chunk of Lorem Ipsum used since the 1500s is reproduced below for those interested. Sections 1.10.32 and 1.10.33 from "de Finibus Bonorum et Malorum" by Cicero are also reproduced in their exact original form, accompanied by English versions from the 1914 translation by H. Rackham.'),
       ('ebdee4f9-5763-4afc-85ed-98b2fdefb35f', 'Why do we use Lorem Ipsum?', 'Fun facts', '2021-11-15',
        'It is a long established fact that a reader will be distracted by the readable content of a page when looking at its layout. The point of using Lorem Ipsum is that it has a more-or-less normal distribution of letters, as opposed to using Content here, content here, making it look like readable English. Many desktop publishing packages and web page editors now use Lorem Ipsum as their default model text, and a search for lorem ipsum will uncover many web sites still in their infancy. Various versions have evolved over the years, sometimes by accident, sometimes on purpose (injected humour and the like).'),
       ('abdee4f9-5763-4afc-85ed-98b2fdefb35d', 'Where can I get some of Lorem Ipsum?', 'Fun facts', '2021-11-18',
        'There are many variations of passages of Lorem Ipsum available, but the majority have suffered alteration in some form, by injected humour, or randomised words which dont look even slightly believable. If you are going to use a passage of Lorem Ipsum, you need to be sure there isnt anything embarrassing hidden in the middle of text. All the Lorem Ipsum generators on the Internet tend to repeat predefined chunks as necessary, making this the first true generator on the Internet. It uses a dictionary of over 200 Latin words, combined with a handful of model sentence structures, to generate Lorem Ipsum which looks reasonable. The generated Lorem Ipsum is therefore always free from repetition, injected humour, or non-characteristic words etc.'),
       ('58a95af7-8b83-4a08-8001-0f865db8ea26', 'The World of Tomorrow', 'Environmental protection', '2021-11-20',
        'Lorem ipsum dolor sit amet, consectetur adipiscing elit. Pellentesque rhoncus aliquam nisl, finibus ultrices nisl. Nullam imperdiet risus a tortor tempor lacinia. Donec ultricies purus et nunc luctus, nec imperdiet purus scelerisque. Curabitur in maximus sapien. Etiam a sapien convallis, euismod nibh at, aliquet nunc. Pellentesque aliquet rhoncus mauris, a sagittis quam luctus eu. Vivamus semper vehicula risus, a mattis ante varius in. Proin imperdiet nulla id urna pharetra, ultrices luctus tortor convallis. Etiam ornare leo nibh, ut pellentesque mi eleifend eget. Class aptent taciti sociosqu ad litora torquent per conubia nostra, per inceptos himenaeos. Proin consectetur, leo quis hendrerit sollicitudin, nunc enim dictum turpis, et placerat mi dui at nisl. Cras non dolor vitae nisi sagittis pharetra a id dui. Suspendisse vel nisl aliquam purus feugiat porttitor ut et tellus. Etiam sed orci nec arcu ullamcorper dignissim sit amet quis leo. Fusce ac placerat enim. Duis sem lorem, efficitur non interdum vel, efficitur sit amet elit. Quisque convallis a est non condimentum. Nunc finibus arcu nec sem auctor, ac luctus velit tristique. Integer non turpis tempus, consectetur sapien sit amet, porttitor nunc. Vivamus vitae ultricies ligula. Sed ac ex purus. Nunc at dignissim magna, porta eleifend neque. Proin tincidunt semper ante at porta. Nullam sed tempus ex.'),
       ('45a95af7-8b83-4a08-8001-0f865db8ea27', 'Endangered species of India', 'Wildlife', '2021-11-23',
        'Nullam consectetur ullamcorper quam, non maximus ante. Proin pellentesque metus id tellus ultricies consequat. Nam malesuada a tellus vel maximus. Quisque vel metus nec lorem mattis volutpat. Sed laoreet nunc mauris, sed tempus ante egestas a. Pellentesque augue quam, placerat ac faucibus vitae, posuere sed quam. Vestibulum ut quam turpis. Vestibulum tincidunt enim in lacus tincidunt, accumsan iaculis dolor aliquam. Donec eros massa, volutpat et venenatis non, facilisis luctus mi. Duis eleifend, massa nec porta tristique, ante leo lacinia ex, a vehicula lacus mauris quis nulla. Proin congue massa nec elit posuere, placerat accumsan nunc faucibus. Sed condimentum velit vel auctor gravida. Quisque vulputate tortor ut diam posuere elementum. Quisque viverra quam vel metus mattis, in ornare leo vestibulum. In in viverra libero, vel molestie tortor. Nullam tempor odio ac nisi ultricies, hendrerit placerat massa sagittis. Quisque nec suscipit dui. Duis in tempor augue. Duis a accumsan diam. Quisque venenatis commodo elit, et laoreet quam dignissim non. Donec in sagittis nisi, in ultrices ipsum. Donec rutrum, purus vehicula cursus ultricies, libero lacus bibendum urna, sit amet scelerisque felis augue sit amet velit. Aliquam pharetra aliquet maximus. Nam accumsan iaculis auctor. Praesent et sapien nunc. Cras nisi ex, vehicula viverra purus nec, pretium bibendum nibh. Cras pharetra elementum nunc a convallis. Aliquam at urna id orci tristique euismod. In id orci vehicula erat suscipit vehicula. Aliquam erat volutpat. Aliquam bibendum ipsum ac arcu lacinia auctor. Nulla in porta tortor, non tempus dolor. Ut imperdiet purus ut sapien eleifend dignissim. Maecenas at lacus non dolor tempus laoreet non dictum libero. Fusce vel justo et erat congue vehicula non vitae leo. Pellentesque aliquam justo in augue lobortis pulvinar. Sed ultrices ullamcorper aliquam. Vestibulum erat erat, venenatis a placerat eget, ultricies ac erat.'),
       ('abdee4f9-5763-4afc-85ed-98b2fdefb35f', 'Timebomb in the Atlantics', 'Environmental protection', '2021-11-24',
        'Suspendisse hendrerit mollis nulla, sit amet fermentum justo rhoncus non. Maecenas sodales arcu nec semper blandit. Vestibulum sodales velit lorem, sit amet pharetra mauris fermentum sodales. Nam at hendrerit est. Quisque eu congue sapien. Donec et viverra est, id consectetur risus. Etiam commodo vel leo ut varius. Aliquam tristique maximus nunc, sed feugiat purus bibendum at. Sed blandit, massa eget iaculis venenatis, nulla turpis tempor arcu, sed efficitur elit metus non enim. Aenean efficitur metus vitae pharetra posuere. In at dolor libero. Mauris a ultrices magna. Mauris et orci fringilla, interdum tortor ut, luctus nisl. Nullam pharetra massa quis lorem consectetur, et facilisis nunc varius. Nunc vitae lacus eget massa congue tristique. Suspendisse eget euismod lacus. Phasellus sit amet iaculis arcu, quis finibus nisl. Nunc nec urna hendrerit, iaculis nisl eu, rutrum turpis. Donec vehicula, nibh commodo facilisis sollicitudin, ligula nibh mollis purus, in tristique enim ex nec nisi. Praesent risus mi, posuere ac hendrerit a, vestibulum sed enim. Ut pellentesque elit arcu, vel placerat orci accumsan quis. Vivamus nec lacinia eros. Maecenas finibus mattis libero, in consectetur urna convallis a. Proin ac posuere nibh. Maecenas ultrices mattis lorem, ut luctus nulla pretium et. Nulla eu tempor ligula. Nunc ut vulputate lectus, eu finibus ex. Nunc mollis neque quis gravida imperdiet. Nunc eget vestibulum neque.'),
       ('cbdee4f9-5763-4afc-85ed-98b2fdefb35d', 'Australias most dangerous', 'Wildlife', '2021-11-26',
        'Integer convallis non orci sit amet feugiat. Nulla in eros sit amet metus blandit ultricies. Nunc ultrices est vel viverra consectetur. Pellentesque nisi enim, vehicula vel purus ac, dapibus interdum elit. Nam diam dui, feugiat a cursus tristique, tempor nec magna. Praesent sodales mauris id aliquam imperdiet. Nulla a elementum massa. Suspendisse rutrum ante convallis, rhoncus diam in, tincidunt lacus. Suspendisse ac tempor neque, nec consequat justo.Maecenas et tempor ex. Sed a est ut massa pharetra consequat. Integer commodo massa eget orci vulputate euismod. Nullam dictum egestas porta. Nullam lobortis ultrices ligula, non mollis nisi facilisis eu. Praesent semper, nisl ut maximus viverra, quam lorem sagittis urna, vitae venenatis augue ipsum ut est. Pellentesque finibus justo ut augue varius condimentum. Nam finibus, felis nec venenatis pulvinar, mi turpis congue nunc, vitae dapibus est dolor sit amet ex. Nulla elementum lobortis molestie. Nunc cursus consectetur nisl, vitae tempor elit. Curabitur pharetra felis at odio lobortis, ut lacinia lorem pellentesque. Suspendisse accumsan ex quis lorem viverra, vel cursus tellus semper. Donec sagittis ac dui at sagittis. Nunc vestibulum egestas urna quis interdum. Donec in magna ac quam scelerisque sodales. In dapibus facilisis ante eu ultricies. Vestibulum vel dolor non nunc lacinia mattis. Sed sodales sed ex vitae eleifend. Proin sit amet luctus felis. Etiam rhoncus commodo tincidunt. Interdum et malesuada fames ac ante ipsum primis in faucibus. Vivamus.');

INSERT INTO USERS (id, username, email, password)
VALUES ('c2aa5f20-2441-40f8-8cce-d31dbd17bc84', 'user', 'user@blog.com',
        '{bcrypt}$2a$10$jYIbAef1H7S.womsk7MRtOCSEx/DgM7CZ1nNeLLzoZ/OPs0a25DV2'),
       ('ae97a880-d523-4371-a0e5-48b3794f496b', 'user2', 'user2@blog.com',
        '{bcrypt}$2a$10$jYIbAef1H7S.womsk7MRtOCSEx/DgM7CZ1nNeLLzoZ/OPs0a25DV2'),
       ('bd8968db-ad2a-4dd0-a0ab-7eebcc05427e', 'admin', 'admin@blog.com',
        '{bcrypt}$2a$10$VylYhXDaKC7W28tQTvYYkOdZIj2pnPVIobXOConbXy3xeBcF6Xuni');

INSERT INTO ROLES(id, name)
VALUES ('60dbb7bb-99a0-42eb-a837-8be6b697c074', 'USER'),
       ('3906c549-44bf-494b-9537-5e1658a029a8', 'ADMIN');

INSERT INTO USERS_ROLES (user_id, roles_id)
VALUES ('c2aa5f20-2441-40f8-8cce-d31dbd17bc84', '60dbb7bb-99a0-42eb-a837-8be6b697c074'),
       ('bd8968db-ad2a-4dd0-a0ab-7eebcc05427e', '60dbb7bb-99a0-42eb-a837-8be6b697c074'),
       ('bd8968db-ad2a-4dd0-a0ab-7eebcc05427e', '3906c549-44bf-494b-9537-5e1658a029a8');

INSERT INTO COMMENTS (id, name, text, article_id, user_id)
VALUES ('0ea60cac-4b33-4614-9c11-4ba1f6b7b767', 'Harris',
        'Sed et ex eget odio commodo luctus. Curabitur iaculis, diam ut tincidunt bibendum, lorem massa sodales metus, sit amet vulputate justo tortor at ipsum.',
        '48a95af7-8b83-4a08-8001-0f865db8ea26', 'c2aa5f20-2441-40f8-8cce-d31dbd17bc84'),
       ('6f02963c-9ab4-4a00-8b4c-10df3e041cc9', 'Ariel', 'Integer sagittis ex at rutrum laoreet.',
        '48a95af7-8b83-4a08-8001-0f865db8ea26', 'bd8968db-ad2a-4dd0-a0ab-7eebcc05427e'),
       ('acd5019e-8378-4e71-9af1-35d2f7c165b5', 'Arnoldas', 'Nice', '15a95af7-8b83-4a08-8001-0f865db8ea27',
        'c2aa5f20-2441-40f8-8cce-d31dbd17bc84'),
       ('a39bf962-805d-483d-80ad-bc2255883556', 'Elwood',
        'Aliquam varius auctor orci non posuere. Praesent vestibulum finibus diam quis commodo. Ut leo mi, tempor at velit nec, porttitor fringilla augue. Maecenas hendrerit ipsum sit amet ipsum ullamcorper ultricies. Mauris at pharetra arcu. Duis efficitur lacinia tortor quis maximus.',
        '15a95af7-8b83-4a08-8001-0f865db8ea27', 'c2aa5f20-2441-40f8-8cce-d31dbd17bc84'),
       ('f5acb3d4-2690-40b9-a0b1-f2df24007edd', 'Ezekiel',
        'Nullam auctor, augue sit amet semper mollis, magna lorem gravida tortor, nec sagittis felis nulla ut tellus. Pellentesque ullamcorper tincidunt posuere.',
        'ebdee4f9-5763-4afc-85ed-98b2fdefb35f', 'bd8968db-ad2a-4dd0-a0ab-7eebcc05427e'),
       ('0037c2ee-c4b0-41b7-b682-221ab65783e6', 'Norris',
        'Vivamus neque urna, malesuada ut faucibus congue, ultrices sed sapien. Mauris faucibus egestas rutrum. Mauris tincidunt faucibus ullamcorper.',
        'abdee4f9-5763-4afc-85ed-98b2fdefb35d', 'c2aa5f20-2441-40f8-8cce-d31dbd17bc84'),
       ('9d5b7e40-8b32-4f3c-831f-162573307c68', 'Minerva', 'Aliquam varius auctor orci non posuere.',
        '58a95af7-8b83-4a08-8001-0f865db8ea26', 'bd8968db-ad2a-4dd0-a0ab-7eebcc05427e'),
       ('f4da2faf-dbe9-456e-84ee-66a63aa769c9', 'Victor', 'Great thoughts!', '58a95af7-8b83-4a08-8001-0f865db8ea26', 'c2aa5f20-2441-40f8-8cce-d31dbd17bc84'),
       ('7c79c3d7-d962-4185-8e16-978b2f5236e8', 'Linda',
        'Suspendisse dapibus semper urna in vulputate. Vivamus erat lectus, consequat malesuada nisi vehicula, mattis molestie nisi. Morbi ut diam sed mauris fringilla tempus.',
        '45a95af7-8b83-4a08-8001-0f865db8ea27', 'bd8968db-ad2a-4dd0-a0ab-7eebcc05427e'),
       ('f3a9ff1c-f610-46bc-8f12-cff557fc85f9', 'Audra', 'Aliquam varius auctor orci non posuere.',
        '45a95af7-8b83-4a08-8001-0f865db8ea27', 'bd8968db-ad2a-4dd0-a0ab-7eebcc05427e'),
       ('b43129f3-1f52-4d90-bd83-4ed79bf4ba6b', 'Victor',
        'Vivamus neque urna, malesuada ut faucibus congue, ultrices sed sapien. Mauris faucibus egestas rutrum. Mauris tincidunt faucibus ullamcorper.',
        'abdee4f9-5763-4afc-85ed-98b2fdefb35f', 'c2aa5f20-2441-40f8-8cce-d31dbd17bc84'),
       ('7fd2e099-cbf6-47b6-8b9a-1926ced9c439', 'Victor',
        'Phasellus id libero vel massa mattis tristique porttitor ac lacus.', 'cbdee4f9-5763-4afc-85ed-98b2fdefb35d',
        'c2aa5f20-2441-40f8-8cce-d31dbd17bc84'),
       ('dc22c741-38b2-4ff7-ac00-bf205e6a02d7', 'Ariel',
        'Morbi ipsum lorem, accumsan sit amet cursus nec, blandit ut felis. Aliquam fermentum augue ultrices sem posuere, vitae varius orci pretium. Maecenas quis ligula nulla. Aliquam varius auctor orci non posuere. Praesent vestibulum finibus diam quis commodo. Ut leo mi, tempor at velit nec, porttitor fringilla augue.',
        'cbdee4f9-5763-4afc-85ed-98b2fdefb35d', 'bd8968db-ad2a-4dd0-a0ab-7eebcc05427e'),
       ('86aaacd5-d127-460b-9c1a-7783ef0ea38d', 'Harris',
        'Suspendisse dapibus semper urna in vulputate. Vivamus erat lectus, consequat malesuada nisi vehicula, mattis molestie nisi. Morbi ut diam sed mauris fringilla tempus.',
        '15a95af7-8b83-4a08-8001-0f865db8ea27', 'c2aa5f20-2441-40f8-8cce-d31dbd17bc84'),
       ('df0611f5-e624-4206-ba49-75e8cdb9e99c', 'Harris', 'Aenean non cursus arcu.',
        'abdee4f9-5763-4afc-85ed-98b2fdefb35f', 'c2aa5f20-2441-40f8-8cce-d31dbd17bc84');

-- INSERT INTO ARTICLES_COMMENTS (article_id, comment_id) VALUES
--     ('48a95af7-8b83-4a08-8001-0f865db8ea26', '0ea60cac-4b33-4614-9c11-4ba1f6b7b767'),
--     ('48a95af7-8b83-4a08-8001-0f865db8ea26', '6f02963c-9ab4-4a00-8b4c-10df3e041cc9'),
--     ('15a95af7-8b83-4a08-8001-0f865db8ea27', 'acd5019e-8378-4e71-9af1-35d2f7c165b5'),
-- ('ebdee4f9-5763-4afc-85ed-98b2fdefb35f', 'a39bf962-805d-483d-80ad-bc2255883556'),
--     ('abdee4f9-5763-4afc-85ed-98b2fdefb35d', 'f5acb3d4-2690-40b9-a0b1-f2df24007edd'),
--     ('58a95af7-8b83-4a08-8001-0f865db8ea26', '0037c2ee-c4b0-41b7-b682-221ab65783e6'),
--     ('58a95af7-8b83-4a08-8001-0f865db8ea26', '9d5b7e40-8b32-4f3c-831f-162573307c68'),
--     ('45a95af7-8b83-4a08-8001-0f865db8ea27', 'f4da2faf-dbe9-456e-84ee-66a63aa769c9'),
--     ('abdee4f9-5763-4afc-85ed-98b2fdefb35f', '7c79c3d7-d962-4185-8e16-978b2f5236e8'),
--     ('cbdee4f9-5763-4afc-85ed-98b2fdefb35d', 'f3a9ff1c-f610-46bc-8f12-cff557fc85f9'),
--     ('cbdee4f9-5763-4afc-85ed-98b2fdefb35d', 'b43129f3-1f52-4d90-bd83-4ed79bf4ba6b');



